Category,Name,Price
bakery,Tesco Finest Mince Pies 6 Pack,£3.00
bakery,Warburtons Thin Plain Bagels 6 Pack,£1.75
bakery,Tesco All Butter Croissants 8 Pack,£2.25
bakery,Hovis Seed Sensations Seven Seeds Sliced Bread 800g,£1.95
bakery,Warburtons Farmhouse Thick Sliced White Bread 800g,£1.60
bakery,Tesco Finest Super Seeded Sliced Farmhouse Loaf 800g,£1.50
bakery,Hovis Soft White Medium Sliced Bread 800g,£1.39
bakery,Hovis Wholemeal Tasty Medium Bread 800g,£1.39
bakery,Warburtons Toastie Thick Sliced White Bread 800g,£1.40
bakery,Warburtons Medium Sliced Soft White Bread 800g,£1.40
bakery,Tesco Plain White Tortilla Wraps 8 Pack,£1.20
bakery,Hovis Soft White Thick Sliced Bread 800g,£1.39
bakery,Hovis Best of Both Medium Bread 800g,£1.15
bakery,Kingsmill 50/50 Medium Soft White Bread Loaf 800g,£1.09
bakery,H.W. Nevills Plain White Tortilla Wraps 8 Pack,£0.99
bakery,H.W. Nevill's Part Baked White Baguette 2 Pack,£0.89
bakery,Tesco Multiseed Batch Medium Sliced White Loaf 800g,£1.25
bakery,New York Bakery Co The Original Plain Bagels 5 Pack,£1.90
bakery,Tesco Mince Pies 6 Pack,£1.50
bakery,Warburtons Crumpets 6 Pack,£0.79
bakery,Warburtons Crumpets 9 Pack,£1.15
bakery,Tesco Classic Crumpets 6 Pack,£0.45
bakery,Tesco White Toastie Bread Thick Sliced 800g,£0.75
bakery,Tesco Scotch Pancakes 6 pack,£0.48
frozen-food,Cornetto Strawberry Ice Cream Cones 6x90ml,£3.50
frozen-food,Cornetto Classic Ice Cream Cones 6x90ml,£3.50
frozen-food,Magnum Classic Ice Cream Sticks 3x100ml,£3.50
frozen-food,Birds Eye Chicken Dippers 38 Pack 697g,£5.80
frozen-food,Youngs Scampi 220G,£4.40
frozen-food,McCain Home Chips Straight Cut 1.6kg,£4.30
frozen-food,Aunt Bessie's Honey Glazed Parsnips 500g,£3.00
frozen-food,McCain Crispy French Fries 1.4kg,£4.25
frozen-food,Tesco Finest 6 Beef Dripping Yorkshire Puddings 195G,£2.40
frozen-food,Aunt Bessie's 10 Glorious Golden Yorkshires 190G,£2.35
frozen-food,McCain Home Chips Extra Chunky 1kg,£3.20
frozen-food,Tesco Homestyle Straight Cut Oven Chips 950G,£2.65
frozen-food,Aunt Bessie's 12 Bake At Home Yorkshires 370G,£2.55
frozen-food,McCain Home Chips Crinkle Cut 1.6kg,£4.30
frozen-food,Tesco Frozen Mini Vegetable Spring Rolls 12 Pack 216g,£1.75
frozen-food,McCain Crispy French Fries 900g,£3.20
frozen-food,Tesco Finest Jumbo Cooked King Prawns 225G,£5.25
frozen-food,Tesco Camembert Bites 12 Pack 200g,£3.00
frozen-food,Tesco Duck Spring Rolls 14 Pack 252g,£3.00
frozen-food,Birds Eye Omega 3 Fish Fingers 10 Pack 280g,£3.00
frozen-food,Tesco 12 Yorkshire Puddings 220G,£1.40
frozen-food,The Ice Co. Ice Cubes 2Kg,£1.09
frozen-food,Birds Eye Garden Peas 800G,£2.49
frozen-food,Tesco Salt & Pepper Prawns 12 Pack 132g,£2.50
frozen-food,Tesco Hash Browns 750G,£1.90
frozen-food,Tesco Southern Fried Chicken Steaks 4 Pack 380g,£2.00
frozen-food,Tesco Petits Pois 1Kg,£1.85
frozen-food,Tesco Sausage Rolls 50 Pack 750g,£1.75
frozen-food,Tesco Garden Peas 1Kg,£1.55
frozen-food,Tesco Frozen Button Brussels Sprouts 1Kg,£1.30
frozen-food,Grower's Harvest Garden Peas 900G,£1.15
frozen-food,Grower's Harvest Sweetcorn 907G,£1.35
frozen-food,Hearty Food Thin Pepperoni Pizza 314G,£1.10
frozen-food,Hearty Food Thin Cheese & Tomato Pizza 314G,£1.10
frozen-food,Tesco 10 Garlic Bread Slices 260G,£1.20
frozen-food,Hearty Food Co. 2 Garlic Baguettes 338G,£0.85
frozen-food,Tesco Very Fine Whole Green Beans 900G,£1.07
frozen-food,Growers Harvest Mixed Vegetables 1Kg,£0.99
frozen-food,Tesco Crinkle Cut Oven Chips 1.5Kg,£1.99
frozen-food,Hearty Food Co Straight Cut Chips 1.5Kg,£1.65
frozen-food,Tesco French Fries 1.5Kg,£1.99
frozen-food,Tesco Frozen Broccoli Florets 900G,£1.07
frozen-food,Tesco Potato Waffles 12 Pack 680g,£1.59
frozen-food,Butcher's Choice 20 Pork Sausages 907G,£1.59
frozen-food,Tesco Finest Jumbo Raw King Prawns 240g,£5.60
frozen-food,Tesco Cooked & Peeled Prawns 300G,£4.70
frozen-food,Tesco Blueberries 350G,£3.00
frozen-food,Birds Eye Petits Pois 960G,£3.85
frozen-food,Birds Eye 18 Potato Waffles 1.02Kg,£3.50
frozen-food,McCain 4 Baked Jacket Potatoes 800G,£3.70
frozen-food,McCain Potato Hash Browns 625G,£2.70
frozen-food,Carte D'or Madagascan Vanilla Ice Cream Tub 900ml,£3.75
frozen-food,Birds Eye Chicken Quarter Pounders 4 Pack 454g,£5.50
frozen-food,Tesco Vanilla Ice Cream 900Ml,£2.65
frozen-food,Youngs Gastro 2 Tempura Battered Fish Fillets 270G,£5.25
frozen-food,Birds Eye Garden Peas 1.2Kg,£3.60
frozen-food,Tesco Frozen 12 Vegetable Samosas 216G,£1.75
frozen-food,McCain Home Chips Crinkle Cut 1kg,£3.20
frozen-food,The Ice Co. Premium Ice Cubes 1Kg,£1.10
frozen-food,Quorn Mince 500G,£2.95
frozen-food,Bay Fishmongers Cold Water Prawns 250G,£2.55
frozen-food,Tesco 12 Frozen Hot & Spicy Prawns 132G,£2.50
frozen-food,Tesco Pork Cocktail Sausages 26 Pack 312g,£1.75
frozen-food,McCain Lightly Spiced Potato Wedges 650G,£2.75
frozen-food,Tesco Beer Battered Onion Rings 300G,£1.60
frozen-food,Viennetta Vanilla Ice Cream Dessert 650Ml,£2.00
frozen-food,Tesco Curly Fries 700G,£2.00
frozen-food,Tesco Cheese & Onion Rolls 25 Pack 375g,£1.75
frozen-food,Tesco Spicy Potato Wedges 750G,£1.65
frozen-food,Tesco Perfectly Imperfect Frozen Mixed Berries 1kg,£2.99
frozen-food,Tesco Mini Corn On The Cob 875G,£1.75
frozen-food,Tesco Cauliflower Florets 900G,£1.50
frozen-food,Tesco Farmhouse Mixed Vegetables 1Kg,£1.55
frozen-food,Tesco Frozen Diced Onions 500G,£0.99
frozen-food,Butchers Choice Cooked Chicken Slices 340G,£1.99
frozen-food,Birds Eye 2 Crispy Chicken 170G,£3.00
frozen-food,Tesco Sliced Carrots Peeled & Cut 1Kg,£0.95
frozen-food,Tesco Mixed Vegetables 1Kg,£1.20
frozen-food,Tesco Deep Pan Cheese Pizza 386G,£1.60
frozen-food,Tesco Sliced Mixed Frozen Peppers 500G,£0.99
frozen-food,Tesco Broccoli & Cauliflower Floret Mix 900G,£1.22
frozen-food,Birds Eye 4 Chicken Burgers 200G,£2.75
frozen-food,Hearty Food Co Mac 'N' Cheese 400G,£0.99
frozen-food,Hearty Food Co. 15 Yorkshire Puddings 230G,£0.46
frozen-food,Tesco Omega 3 Fish Fingers 10 Pack 300g,£1.06
frozen-food,Hearty Food Co. Chicken Curry With Rice 400G,£0.99
frozen-food,Youngs Gastro Signature Breaded Lemon & Pepper 2 Fish Fillets 270G,£5.25
frozen-food,Youngs Chip Shop 4 Large Cod Fillets 440G,£6.90
frozen-food,Tesco 4 Pain Au Chocolat 320G,£3.50
frozen-food,McCain Naked Oven Chips Straight Cut 1.7KG,£3.70
frozen-food,Tesco Finest British Petits Pois 750G,£2.65
frozen-food,Tesco 6 All Butter Croissants 255G,£2.80
frozen-food,Chicago Town Large Takeaway Pepperoni Pizza 645G,£4.95
frozen-food,Tesco 2 Giant Yorkshire Puddings 220G,£2.10
frozen-food,McCain Skin on Fries 800G,£3.70
frozen-food,Tesco 20 Pigs In Blankets 400G,£4.50
frozen-food,Tesco Sticky Chicken Kebabs 10 Pack 180g,£2.50
frozen-food,McCain 8 Baked Jacket Potatoes 1.6kg,£5.30
frozen-food,McCain Quick Cook French Fries 750G,£3.35
frozen-food,Birds Eye Cod Fish Fingers 10 Pack 280G,£4.50
frozen-food,Rowntrees Fruit Pastilles Lollies 4X65ml,£2.50
frozen-food,Tesco Finest Beef Dripping Roast Potatoes 800G,£2.75
frozen-food,Birds Eye Steamfresh Family Favourite Mix 540g,£2.75
frozen-food,Tesco Leaf Spinach 900G,£1.70
frozen-food,Tesco Chocolate Profiteroles 235G,£2.15
frozen-food,Mackie's Traditional Luxury Dairy Ice Cream 1 Litre,£3.30
frozen-food,McCain Home Chips Straight Cut 1kg,£3.20
frozen-food,Birds Eye Chicken Dippers 22 Pack 403g,£4.75
frozen-food,Tesco Casserole Vegetables 1Kg,£1.50
frozen-food,Wall's Soft Scoop Vanilla Ice Cream Tub 1800ml,£2.75
frozen-food,Tesco Double Chocolate Gateau 600G,£3.00
frozen-food,Tesco 4 Breaded Cod Fillets 500G,£4.00
frozen-food,Dr. Oetker Ristorante Mozzerella Pizza 335G,£3.10
frozen-food,Dr. Oetker Ristorante Pizza - Pepperoni-Salame 320g,£3.10
frozen-food,Birds Eye 2 Southern Fried Chicken 180G,£3.00
frozen-food,Tesco Milk Chocolate Ice Creams 3X110ml,£1.75
frozen-food,Tesco Supersweet Sweetcorn 1Kg,£1.80
frozen-food,Tesco Chocolate & Caramel Ice Creams 3X110ml,£1.75
frozen-food,Tesco Potato Stars 500G,£1.25
frozen-food,Hearty Food Co Cheese & Tomato Pasta 400G,£0.99
frozen-food,Tesco Battered Chicken Dippers 20 Pack 450g,£1.49
frozen-food,Hearty Food Co. Spaghetti Bolognese 400G,£0.99
frozen-food,Ms Molly's Vanilla Ice Cream 2Ltr,£1.35
frozen-food,Aunt Bessie's Mini Roasties 700G,£3.50
frozen-food,Chicago Town Large Takeaway Cheese Pizza 630G,£4.95
frozen-food,Pret A Manger 6 Chocolate Filled Croissants 420G,£4.50
frozen-food,Quorn Family Roast 454G,£3.95
frozen-food,Pret 6 All Butter Croissants 330g,£4.10
frozen-food,Tesco Frozen Mango Chunks 500G,£3.00
frozen-food,Birds Eye Supersweet Sweetcorn 640G,£3.00
frozen-food,Tesco Boneless Chicken Thighs 500G,£3.45
frozen-food,Goodfella's Stonebaked Thin Chicken Pizza 365G,£3.00
frozen-food,Tesco Crispy Potatoes 750G,£2.25
frozen-food,Mackie's Traditional Luxury Dairy Ice Cream 2Ltr,£4.45
frozen-food,Tesco Frozen Chopped Garlic 100G,£2.35
frozen-food,Tesco Stuffed Crust Cheese Pizza 431G,£2.95
frozen-food,Aunt Bessie's Toad In The Hole 190G,£1.90
frozen-food,McCain Naked Oven Chips Straight 900g,£2.00
frozen-food,Kelly's Cornish Clotted Cream Ice Cream 950Ml,£4.00
frozen-food,Birds Eye Garden Peas 375G,£1.75
frozen-food,Quorn Crispy Nuggets 476G,£2.95
frozen-food,Tesco Sweet Potato Oven Chips 500G,£2.29
frozen-food,Quorn Chicken Style Pieces 500G,£2.95
frozen-food,McCain Potato Smiles 454G,£2.50
frozen-food,Richmond Thick Frozen Pork Sausages 20 Pack 860g,£2.99
frozen-food,Birds Eye 10 Potato Waffles 567G,£2.35
frozen-food,Quorn Mince 300G,£2.60
frozen-food,Birds Eye Alphabites 456G,£2.75
frozen-food,The Ice Co. Super Cubes 1Kg,£1.10
frozen-food,Viennetta Mint Ice Cream Dessert 650Ml,£2.00
frozen-food,Tesco Cod Fillets 360G,£5.00
frozen-food,Tesco Black Forest Gateau 630G,£3.00
frozen-food,Tesco Apple Strudel 600G,£1.55
frozen-food,Tesco Garden Peas 1.6Kg,£2.25
frozen-food,Tesco Frozen Sliced Mushrooms 500G,£1.25
frozen-food,Chicago Town Deep Dish Pepperoni Pizzas 2 X 155G,£1.39
frozen-food,Tesco Butternut Squash Chunks 500G,£1.25
frozen-food,Tesco Rocket Lollies 8 Pack 464Ml,£1.45
frozen-food,Hearty Food Co Fish Fingers 10 Pack 250g,£0.80
frozen-food,Tesco Cod Fish Fingers 10 Pack 300G,£1.79
frozen-food,Tesco 4 Wild Salmon Fillets 330G,£5.00
frozen-food,Tesco Fish Pie Mix 400G,£5.60
frozen-food,Tesco Frozen Whole Strawberries 350G,£3.00
frozen-food,Youngs Gastro Jumbo Wholetail Scampi 230G,£6.00
frozen-food,Tesco Breaded Garlic Mushrooms 400g,£2.75
frozen-food,Tesco Finest 12 Macaron Selection 132G,£3.70
frozen-food,Tesco Plant Chef Meat Free Sausage Rolls 600G,£2.75
frozen-food,McCain Quick Chips 4 x 100G,£3.00
frozen-food,Tesco Pork Sausage Meat 400G,£2.75
frozen-food,McCain Microwave Quick Chips Crinkle Cut 4x100G,£3.00
frozen-food,Swedish Glace Vanilla Non Dairy Vegan Ice Cream Tub 750ml,£3.25
frozen-food,Birds Eye Petits Pois 545g,£2.65
frozen-food,Tesco Haddock Fillets 360G,£5.00
frozen-food,Birds Eye Country Mixed Vegetables 640G,£3.00
frozen-food,Bernard Matthews Turkey Dinosaurs 7 Pack 350g,£2.45
frozen-food,Tesco Triple Chocolate Ice Cream 900Ml,£2.65
frozen-food,Birds Eye Chicken Shop Ultimate Fillet Burgers 227g,£4.65
frozen-food,Young's Omega 3 Fish Cakes 4 Pack 200g,£1.70
frozen-food,Quorn Sausages 336G,£2.65
frozen-food,Tesco Chantenay Carrots 600G,£1.85
frozen-food,Tesco Baby Broad Beans 650G,£1.85
frozen-food,Linda Mccartney 6 Vegetarian Sausages 270G,£2.50
frozen-food,Tesco Tropical Ice Creams 3 X100ml,£1.85
frozen-food,Tesco 4 Beef Quarter Pounders 454G,£3.50
frozen-food,Tesco Cottage Pie 400G,£1.95
frozen-food,Tesco Cornish Ice Cream 2 Litres,£3.90
frozen-food,Tesco Finest 6 Chunky Cod Fillets Fish Fingers 400G,£4.00
frozen-food,Nestle Fab Strawberry Ice Lollies 6 X 58Ml,£2.50
frozen-food,Bannisters Farm 4 Cheese & Bacon Potato Skins 260G,£1.80
frozen-food,Ms. Molly's Assorted Fruit Lollies 8X35ml,£1.19
frozen-food,Quorn Chicken Style Pieces 300G,£2.60
frozen-food,Hearty Food Co 10 Cod Fish Cakes 500g,£2.00
frozen-food,Mr. Brain's 6 Pork Faggots 656G,£1.25
frozen-food,Chicago Town Deep Dish Mega Meaty Pizzas 2 X 157G,£1.39
frozen-food,Hearty Food Co. 4 Mini Cheese And Tomato Pizzas 356g,£2.15
frozen-food,Birds Eye 2 Original Chicken Chargrills 170G,£3.00
frozen-food,Birds Eye 2 Bbq Chicken 174G,£3.00
frozen-food,Tesco Strawberry & Vanilla Cones 4 X 110Ml,£1.60
frozen-food,Tesco Salted Caramel Cones 4X110ml,£1.60
frozen-food,Tesco Mint & Chocolate Cones 4 X 110Ml,£1.60
frozen-food,Tesco Toffee & Vanilla Cones 4 X 110Ml,£1.60
frozen-food,Tesco Wild Salmon Fillets 500G,£6.95
frozen-food,Tesco Finest Sicilian Lemon Tart 458G,£5.25
frozen-food,Aunt Bessie's 18 Glorious Golden Yorkshires 342G,£3.40
frozen-food,McCain Gastro Triple Cooked Chips 1.2kg,£4.70
frozen-food,Birds Eye 4 Shortcrust Chicken Pies 620G,£4.35
frozen-food,Tesco 56 Pork Cocktail Sausages 672G,£3.60
frozen-food,Tesco Mini Chocolate Ice Creams 8 X 50Ml,£4.25
frozen-food,Tesco 5% Fat Beef Mince 500g,£5.85
frozen-food,Tesco 10% Fat Beef Mince 500g,£5.25
frozen-food,Ben & Jerry's Half Baked Chocolate & Vanilla Ice Cream Tub 465ml,£5.55
frozen-food,Linda Mccartney 2 Mozzarella Burgers 227G,£2.50
frozen-food,Birds Eye Steamfresh 2 Golden Rice Steam Bags 380g,£2.75
frozen-food,Tesco Frozen Sweet Potato Chunks 600G,£1.80
frozen-food,Tesco Classic Chicken Dinner 400G,£2.50
frozen-food,Tesco Wholetail Breaded Scampi 280G,£3.95
frozen-food,Birds Eye 4 Breaded Cod Cakes 198G,£1.60
frozen-food,Tesco Potato Lattices 550G,£2.00
frozen-food,Tesco Shredded Savoy Cabbage 750G,£1.60
frozen-food,Mackie's Dairy Honeycombe Ice Cream 1Ltr,£3.30
frozen-food,Tesco Chilli Con Carne Rice 400G,£1.95
frozen-food,Birds Eye Steamfresh Super Sunshine Mix 540g,£2.75
frozen-food,Tesco Minced Beef Hotpot 400G,£1.95
frozen-food,Birds Eye Chicken Shop Hash Brown Potato Bites 500G,£2.30
frozen-food,Richmond Thick Frozen Pork Sausages 12 Pack 516g,£2.50
frozen-food,Tesco Roast Beef Dinner 400G,£2.50
frozen-food,Tesco Strawberry Gateau Bar 400G,£2.65
frozen-food,Tesco 10 Halloumi-Style Fries 170G,£3.00
frozen-food,Tesco 4 Hot & Spicy Chicken Steaks 380G,£2.00
frozen-food,Tesco Real Fruit Splits 6 X 73Ml,£1.50
frozen-food,Dr. Oetker Ristorante Pizza Hawaii 355G,£3.10
frozen-food,Chicago Town Deep Dish Four Cheese Pizzas 2 X 148G,£1.39
frozen-food,Ms. Molly's Milk Lollies 8X35ml,£1.19
frozen-food,Tesco Fish Pie 400G,£1.95
frozen-food,Tesco Strawberry Cheesecake 500G,£2.25
frozen-food,Tesco 4 Battered Cod Fillets 500G,£3.39
frozen-food,Birds Eye 2 Hot And Spicy Chicken 180G,£3.00
frozen-food,Tesco Chicken Tikka Masala Pilau Rice 400G,£1.95
frozen-food,Tesco New York Cheesecake 450G,£2.25
frozen-food,Tesco Omega 3 Fish Fingers 30 Pack 900g,£3.15
frozen-food,Aunt Bessie's Duck Fat Roast Potatoes 700G,£4.50
frozen-food,Haagen-Dazs Ice Cream - Salted Caramel 460ml,£5.75
frozen-food,Haagen-Dazs Vanilla Ice Cream 460Ml,£5.75
frozen-food,Acre Lane Lamb Mince 454G,£4.75
frozen-food,Tesco Finest Toffee Pecan Roulade 420g,£5.50
frozen-food,McCain Roast Potatoes 700G,£3.00
frozen-food,Tesco Cauliflower Rice 4 Pack 600G,£2.75
frozen-food,Birds Eye Gluten Free Fish Fingers 12 Pack 360g,£3.35
frozen-food,Tesco Southern Fried Chicken Bites 500G,£3.65
frozen-food,Birds Eye Garden Peas & Sweetcorn 640G,£3.00
frozen-food,Aunt Bessie's Dumplings 390G,£2.50
frozen-food,McCain Home Chips Lighter Straight Cut 1kg,£3.20
frozen-food,Carte D'or Salted Caramel Ice Cream Tub 900ml,£3.75
frozen-food,Tesco Pork & Herb Sausage Patties 6 Pack 342g,£2.60
frozen-food,Quorn Cheese & Broccoli Escalopes 2 Pack 240g,£2.85
frozen-food,Tesco Raw King Prawns 170G,£3.00
frozen-food,Youngs Admirals Pie 300G,£2.50
frozen-food,Jus Rol Vol au Vents Medium 313G,£2.70
frozen-food,Beyond Meat Beyond Burger Plant Based Burger,£4.00
frozen-food,Birds Eye 4 Battered Fish Fillets 400G,£4.00
frozen-food,Tesco Caramel Vanilla Ice Cream 900Ml,£2.65
frozen-food,Quorn Southern Fried Bites 300G,£2.65
frozen-food,Tesco Morello Cherry Bakewell Tart 410G,£2.60
frozen-food,Tesco 6 Chocolate Eclairs 160G,£2.10
frozen-food,Tesco Beef Burgers 8 Pack 454G,£3.75
frozen-food,Birds Eye Steamfresh 2 Green Medley Steam Bags 300g,£2.75
frozen-food,Birds Eye 4 Hearty Farmhouse Vegetable Mix 540G,£2.75
frozen-food,Birds Eye Chunky Breaded Fish Fingers 6 Pack 360g,£3.75
frozen-food,Tesco 4 Vegetarian Cauliflower Cheese Grills 397G,£2.15
frozen-food,Tesco Plant Chef 4 Vegetable Burgers 454G,£1.69
frozen-food,Dr. Oetker Ristorante Pizza - Funghi 365g,£3.10
frozen-food,Tesco Plant Chef 4 Spicy Bean Burgers 454G,£1.69
frozen-food,Tesco 4 Breaded Haddock Fillets 500G,£4.00
frozen-food,Tesco Casserole Beef 500G,£5.50
frozen-food,Tesco Beef Lasagne 400G,£1.95
frozen-food,Bay Fishmongers White Fish Fillets 520G,£2.35
frozen-food,Ms Molly's Lemon Swirl Cheesecake 375G,£0.85
frozen-food,Tesco Basa Fillets 500G,£5.00
frozen-food,Tesco Mediterranean Style Roasting Vegetables 700G,£3.85
frozen-food,Birds Eye Classic 4 Beef Quarter Pounders with Onion 454g,£5.40
frozen-food,Tesco Steam Bags Long Grain White Rice 4 X 200G,£2.75
frozen-food,Birds Eye Crispy Chicken in Tempura Batter 510g,£6.25
frozen-food,"Tesco Steam Bags Carrot, Broccoli & Corn 4 x 160g (640g)",£2.75
frozen-food,Tesco Finest Raspberry & Dark Chocolate Roulade 450G,£5.50
frozen-food,Goodfella's Gluten Free Margherita Pizza 328G,£3.75
frozen-food,Goodfella's Gluten Free Pepperoni Pizza 317g,£3.75
frozen-food,Itsu Chicken Gyoza 240G,£4.25
frozen-food,Aunt Bessie's Carrot & Swede Mash 500G,£3.15
frozen-food,Linda Mccartney 6 Vegetarian Red Onion & Rosemary Sausages 270G,£2.50
frozen-food,Aunt Bessie's Mashed Potato 650G,£3.00
frozen-food,Kelly's Cornish Dairy Ice Cream - Vanilla 2 Litres,£5.00
frozen-food,Cadbury Flake 99 Ice Cream Cones 4 X 125Ml,£5.75
frozen-food,Tesco Breaded Chunky Cod Fillets 4 Pack 500g,£5.65
frozen-food,Tesco 2 Vegetarian Cheese & Onion Crisp Bakes 240G,£2.00
frozen-food,Tesco Finest 4 Beef Burgers 454G,£4.50
frozen-food,The Real Yorkshire Pudding Co. 6 Gluten Free Yorkshire Puddings 180G,£2.50
frozen-food,Cornetto Mint Ice Cream Cones 6x90ml,£3.50
frozen-food,Tesco Sausage And Mash 400G,£1.95
frozen-food,Quorn 12 Sausages 504G,£2.95
frozen-food,Tesco Breaded 4 Cheese & Bacon Chicken Kievs 500g,£2.90
frozen-food,Tesco Simply Chicken Breast Joint 800G,£6.00
frozen-food,Birds Eye Crispy Batter Fish Fingers 8 Pack 224g,£2.10
frozen-food,Wall's Solero Exotic Ice Cream Sticks 3x90ml,£2.75
frozen-food,Tesco Shepherds Pie 400G,£1.95
frozen-food,Cadbury Dairy Milk Buttons Ice Cream Cones 4 X 100Ml,£3.25
frozen-food,Tesco All Day Breakfast 350G,£2.50
frozen-food,Whitby Seafoods Breaded Scampi Bites 190G,£1.40
frozen-food,Tesco 4 Battered Haddock Fillets 500G,£3.39
frozen-food,Hearty Food Co. Toad In The Hole 300G,£0.99
frozen-food,Tesco Chicken Korma With Pilau Rice 400G,£1.95
frozen-food,Tesco White Chocolate Ice Creams 3X110ml,£1.75
frozen-food,Ms Molly's Strawberry Swirl Cheesecake 375G,£0.85
frozen-food,Crosta & Mollica Pizzeria Margherita Pizza 403G,£5.75
frozen-food,Tesco 4 Cinnamon Swirls 345G,£3.50
frozen-food,Youngs Gastro 2 Sea Salt & Pepper Basa Fillets 310G,£5.25
frozen-food,Tesco Frozen Pineapple Chunks 450G,£3.00
frozen-food,Tesco Smoked Haddock Fillets 360G,£5.00
frozen-food,Birds Eye Southern Fried Chicken in Breadcrumbs 540g,£6.25
frozen-food,Birds Eye Gluten Free Breaded Fish Fillets 250G,£3.85
frozen-food,Tesco Black Forest Fruits Mix 500G,£3.75
frozen-food,Tesco Breaded Onion Rings 750G,£2.55
frozen-food,Uppercrust Chicken & Asparagus Pie 680G,£4.30
frozen-food,Tesco Finest Madagascan Vanilla Ice Cream 480ml,£3.25
frozen-food,Birds Eye 10 Vegetable Fingers 284G,£2.00
frozen-food,Tesco Health Chicken Curry And Rice 350G,£2.10
frozen-food,Chicago Town Cheesy Stuffed Crust Pepperoni Pizza 640G,£4.95
frozen-food,Tesco 20% Fat Beef Mince 1kg,£7.50
frozen-food,Linda Mccartneys Vegetarian Tomato & Basil Meatballs 292G,£2.50
frozen-food,Tesco Mint Chocolate Ice Cream 900Ml,£2.65
frozen-food,Askeys Treat Chocolate Topping 325g,£1.75
frozen-food,Richmond Skinless Sausages 16 Pack 426G,£2.50
frozen-food,Tesco Banoffee Pie 500G,£2.50
frozen-food,Youngs Flipper Dippers 10 Pack 250G,£1.75
frozen-food,Quorn Meat Free Crispy Nuggets 300G,£2.60
frozen-food,Quorn Fillets 312G,£2.65
frozen-food,Quorn Swedish Style Balls 300G,£2.65
frozen-food,Tesco Chicken Hotpot 400G,£1.95
frozen-food,The Ice Co Crushed Ice 2kg,£1.09
frozen-food,Tesco Lemon Meringue Pie 475G,£2.50
frozen-food,Annabel Karmel Chicken Tikka Masala 200G,£2.10
frozen-food,Annabel Karmel Frozen Hidden Vegetable Bolognese 200G,£2.10
frozen-food,Rowntree's Watermelon Lollies 4 x 73ml,£2.50
frozen-food,Tesco Plant Chef Meat Free Mince 454G,£1.69
frozen-food,Hearty Food Co 4 Battered White Fish Fillets 400G,£2.00
frozen-food,Hearty Food Co 4 Breaded White Fish Fillets 400G,£2.00
frozen-food,Tesco Soft Scoop Neapolitan 2 Litres,£1.85
frozen-food,Tesco Chocolate & Almond Ice Creams 3X110ml,£1.75
frozen-food,Birds Eye 10 Chicken Fingers 250G,£3.00
frozen-food,Tesco Frozen Medium Turkey Breast Crown 2.0-2.3Kg,£20.00
frozen-food,Youngs Gastro 2 Crispy Lemon Basa Fillets 310G,£5.25
frozen-food,Birds Eye Haddock Fish Fingers 280g,£4.50
frozen-food,Youngs Gastro 8 Chunky Breaded Haddock Fingers 320G,£6.00
frozen-food,Tesco Breakfast Fruit Topper 350g,£3.00
frozen-food,Tesco Free From Breaded Chicken Goujons 300G,£3.10
frozen-food,Dr. Oetker Ristorante Vegan Margherita Pizza 340g,£3.35
frozen-food,Whitby Seafoods Scampi 370G,£4.50
frozen-food,Birds Eye Classic 4 Beef Burgers with Onion 227g,£3.10
frozen-food,Tesco Free From Chicken Nuggets 20 Pack 400g,£3.90
frozen-food,Ben & Jerry's Chocolate Fudge Brownie Ice Cream Tub 465ml,£5.55
frozen-food,Ben & Jerry's Phish Food Chocolate & Marshmallow Ice Cream Tub 465ml,£5.55
frozen-food,Tesco Strawberry & Cream Ice Cream Tub 900Ml,£2.65
frozen-food,English Cheesecake Company Ltd 6 Vanilla With Lotus Cheesecake Bite 225G,£3.25
frozen-food,Carte D'or Indulgent Chocolate Ice Cream Tub 900ml,£3.75
frozen-food,Chicago Town Takeaway Cheesy Stuffed Crust 630G,£4.95
frozen-food,Birds Eye Steamfresh 2 Mediterranean Rice Steam Bags 380g,£2.75
frozen-food,Tesco 4 Battered Chunky Cod Fillets 500G,£5.65
frozen-food,Tesco Chopped Ginger 75G,£2.35
frozen-food,Tesco Gammon Joint With Honey 550G,£4.35
frozen-food,Youngs Fishermans Pie 300G,£2.50
frozen-food,Carnation Caramel Drizzle 450g,£3.20
frozen-food,The Northern Dough Co. Original Pizza Dough 2 x 220g,£2.60
frozen-food,Tesco 8 Green Jalapeno Peppers Bites 160G,£1.75
frozen-food,Tesco Vegetarian Vegetable Lasagne 375G,£1.95
frozen-food,Annabel Karmel Frozen Chicken Pasta 200G,£2.10
frozen-food,Rowntrees Fruit Stack 4X70ml,£2.50
frozen-food,Tesco Spaghetti Bolognese With Cheese Crumbs 400G,£1.95
frozen-food,Tesco Sweet & Sour Chicken with Egg Rice 400g,£1.95
frozen-food,Walls Soft Scoop Vanilla Light Ice Cream Tub 1800ml,£2.75
frozen-food,Young's Chip Shop Extra Large Beer Batter Fish Fillets 300g,£3.75
frozen-food,Quorn Vegan Crunchy Fillet Burgers 2 Pack 190G,£3.15
frozen-food,Tesco Chicken Chow Mein 375G,£1.95
frozen-food,Tesco Fruity Helter Skelters (5 X 70Ml) 350Ml,£1.20
frozen-food,Tesco Soft Scoop Raspberry Ripple 2 Litres,£1.85
frozen-food,Acre Lane Lamb Leg Joint 1.0-1.2Kg,£15.35
frozen-food,Tesco Butter Basted Frozen Turkey Breast Joint 780G,£11.50
frozen-food,Youngs Gastro 2 Smoked Haddock Chunky Fish Cakes 270G,£5.65
frozen-food,Tesco Frozen Strawberry & Banana Smoothie Mix 500G,£3.40
frozen-food,Haagen-Dazs Belgian Chocolate Ice Cream 460Ml,£5.75
frozen-food,Haagen-Dazs Ice Cream - Strawberry Cheesecake 460ml,£5.75
frozen-food,Tesco Portuguese Custard Tarts 4 Pack 208G,£3.50
frozen-food,Tesco Soya Beans 600G,£3.35
frozen-food,Tesco Free From Southern Fried Mini Chicken Fillets 250G,£4.00
frozen-food,Tesco Free From Garlic Chicken Kievs 260G,£3.40
frozen-food,Haagen-Dazs Pralines & Cream Ice Cream 460Ml,£5.75
frozen-food,Tesco Finest Salted Caramel Sauce 250G,£3.00
frozen-food,Magnum Double Gold Caramel Billionaire Ice Cream Sticks 3x85ml,£4.25
frozen-food,Aunt Bessie's Meat Free Toad In The Hole 190G,£2.25
frozen-food,Richmond Vegan No Chicken Pieces Roast Flavoured 220G,£3.00
frozen-food,Itsu Pork Gyozas 240G,£4.25
frozen-food,Del Monte 100% Juice Ice Lollies - Orange 3 x 75ml,£2.75
frozen-food,Quorn Crispy Fillets 2 200g,£2.75
frozen-food,Youngs Chip Shop 4 Omega 3 Fish Fillets,£4.00
frozen-food,Tesco Raspberry Sorbet 500Ml,£2.75
frozen-food,Askeys Treat Strawberry Sauce 325G,£1.75
frozen-food,Nobbly Bobbly 4X60ml,£2.50
frozen-food,Tesco Southern Fried Chicken Thighs 700G,£3.40
frozen-food,Kelly's Honeycomb Crunch 950Ml,£4.00
frozen-food,Tesco Cottage Pie 350G,£2.10
frozen-food,Quorn Chicken & Bacon Lattice 2 Pack 300G,£2.65
frozen-food,Birds Eye Green Cuisine Chicken-Free Dippers 220G,£3.00
frozen-food,Hearty Food Co 4 Fish Steaks In Butter Sauce 552G,£2.70
frozen-food,Askeys Round Icecream Cones 21Pk,£1.70
frozen-food,Tesco Plant Chef Meat-Free Burgers 8 Pack 454g,£2.25
frozen-food,Tesco Frozen Turkey Crown Extra Large 2.9Kg - 3.5Kg,£26.50
frozen-food,Tesco Frozen Medium Basted Whole Turkey Bird 3.9Kg - 5.2kg,£20.00
frozen-food,Tesco Frozen Small Turkey Crown 1.5Kg,£16.50
frozen-food,Tesco Raw Seafood Selection 350G,£5.95
frozen-food,Crosta & Mollica Stromboli Spicy Salami Pizza 447G,£5.75
frozen-food,Birds Eye Beef Grill Steaks 4 Pack 340g,£4.95
frozen-food,Tesco Chicken Drumsticks 1.5Kg,£4.75
frozen-food,Birds Eye Original Chicken Chargrills 6 Pack 510g,£6.25
frozen-food,Tesco Lemon & Parsley Yellowfin Sole Fillets 250g,£3.55
frozen-food,Birds Eye 6 Sweet & Sticky Bbq Chicken Chargrills 522G,£6.25
frozen-food,Young's Breaded 4 Omega 3 Fish Fillets 400g,£4.00
frozen-food,Tesco Chicken Wings 1.5Kg,£4.20
frozen-food,Birds Eye 6 Crispy Battered Fish Fingers Extra Large 360G,£3.75
frozen-food,Linda McCartney's 2 Vegetarian Country Pies 380g,£2.50
frozen-food,Cadbury Darkmilk Ice Cream Sticks 4X90ml,£4.50
frozen-food,Carte D'or Strawberry Ice Cream Tub 900ml,£3.75
frozen-food,Cofresh Vegetarian Punjabi Samosas 10S 500G,£3.15
frozen-food,Birds Eye Chicken Shop Sizzler Fillet Burgers 227g,£4.65
frozen-food,Quorn Roarsomes Vegan Dinosaurs 240G,£2.75
frozen-food,Oreo Stick Sandwich 4X75ml,£4.90
frozen-food,Genius Sausage Rolls 2 Pack,£2.70
frozen-food,Askeys Treat Toffee Sauce 325G,£1.75
frozen-food,Kelly's Clotted Cream & Raspberry Ripple Ice Cream 950Ml,£4.00
frozen-food,Strong Roots Cauliflower Hash Brown 375g,£3.30
frozen-food,Shana Original Paratha Multi Pack 15 Pack 1.2kg,£4.10
frozen-food,Tesco Chicken Jalfrezi With Pilau Rice 400G,£1.95
frozen-food,Wall's Solero Red Berries Ice Cream Sticks 3x90ml,£2.75
frozen-food,Cadbury Dairy Milk Caramel Ice Cream 4 X 100Ml,£3.25
frozen-food,Tesco 10 Waffle Cones,£1.40
frozen-food,Tesco Frozen Large Turkey Breast Crown 2.4-2.8Kg,£22.50
frozen-food,Tesco Butter Basted Frozen Turkey Breast Joint 1.56Kg,£15.00
frozen-food,Birds Eye Classic Beef Burgers with Onion 10 Pack 567g,£7.50
frozen-food,Ben & Jerry's Sundae Oh My Banoffee Pie Ice Cream Tub 427ml,£5.75
frozen-food,Ben & Jerry's Minter Wonderland Mint Ice Cream 465Ml,£5.55
frozen-food,Tesco King Prawn Ring With Sweet Chilli Dip 280G,£4.75
frozen-food,Tesco Salt & Pepper Squid 250G,£4.50
frozen-food,Youngs Calamari 250G,£4.10
frozen-food,Chicago Town Vegan Crust Pizza Bbq Jackfruit 490G,£4.50
frozen-food,Tesco 4 Maple & Pecan Plaits 350G,£3.50
frozen-food,Tesco Berry Smoothie Mix 500G,£3.40
frozen-food,Haagen-Dazs Ice Cream - Cookies & Cream 460ml,£5.75
frozen-food,Tesco Strawberries & Blueberries 400G,£3.25
frozen-food,Tesco Southern Fried Chicken Breast 650G,£5.95
frozen-food,Itsu Vegetable Fusion Gyoza 270G,£4.25
frozen-food,Haagen-Dazs Fruit Mini Cups Ice Cream 4X95ml,£5.75
frozen-food,Genius Gluten Free Steak Pies 2 Pack 320G,£3.60
frozen-food,Pret A Manger Plain Vegan Croissants 360G,£3.35
frozen-food,Swedish Glace Raspberry Non Dairy Vegan Ice Cream Tub 750ml,£3.25
frozen-food,Haagen-Dazs Caramel Mini Ice Cream Cups 4 X 95Ml,£5.75
frozen-food,Little Moons Passionfruit & Mango Mochi Ice Cream 6x32g,£5.00
frozen-food,Whitby Seafoods Wholetail Scampi - Gluten Free 200g,£4.00
frozen-food,Birds Eye Chicken Shop Salt & Pepper Chicken Goujons 325G,£4.65
frozen-food,Tesco Mango Sorbet 500Ml,£2.75
frozen-food,Acre Lane 2 Lamb Shanks In Mint Gravy 800G,£7.80
frozen-food,Tesco Plant Chef No Steak Pie 568G,£2.85
frozen-food,Birds Eye Green Cuisine Fishless Fingers 12 Pack 336G,£3.00
frozen-food,Tesco Free From Toffee & Vanilla Cones 4X110ml,£2.75
frozen-food,Tesco 25 Boneless Chicken Selection 560G,£3.50
frozen-food,Birds Eye Captain's Discoveries 2 Lightly Dusted Fish Fillets with Lemon & Cracked Black Pepper 280g,£4.00
frozen-food,The Gym Kitchen Chicken Tikka Masala 400G,£2.50
frozen-food,Tesco Frozen Sliced Red Onions 500G,£0.99
frozen-food,Tesco British Turkey Whole Bird Small 2.6kg - 3.8kg,£17.00
frozen-food,Tesco Cooked Whole Shell Prawns 500G,£7.15
frozen-food,Tesco Lamb Loin Chops 550G,£8.20
frozen-food,Halo Top Gooey Brownie Stick 3X100ml,£4.20
frozen-food,Tesco Cooked Mussels 400G,£3.50
frozen-food,Ben & Jerry's Sundae Cookie Vermonster Ice Cream Tub 427ml,£5.75
frozen-food,Genius Chicken & Gravy Pies 320G (L),£3.60
frozen-food,Tesco Finest Alphonso Mango & Passion Fruit Coulis 275G,£3.00
frozen-food,Itsu Korean Bbq Beef Gyoza 12 Dumplings 240G,£4.25
frozen-food,Ben & Jerry's Caramel Brownie Party Ice Cream Tub 465ml,£5.55
frozen-food,Tesco Tender Beef Brisket In Ale Gravy 400G,£5.75
frozen-food,Cornetto Non Dairy Vegan Gluten Free Soy Vanilla Ice Cream Cone 4x90ml,£3.50
frozen-food,Cadbury Boost Ice Cream Sticks 4X90ml,£4.50
frozen-food,Linda Mccartneys Vegemince 500G,£3.30
frozen-food,Tesco Finest Cornish Sea Salted Caramel Ice Cream 480Ml,£3.25
frozen-food,Nuii Salted Caramel Macadamia Ice Cream Sticks 3X90ml,£4.75
frozen-food,Strong Roots The Pumpkin & Spinach Burger 300G,£3.30
frozen-food,Linda McCartney's 2 Vegetarian 1/4 lb Burgers 227g,£2.50
frozen-food,Tesco Calorie Controlled Lasagne 350G,£2.10
frozen-food,Tesco Free From Strawberry & Vanilla Cones 4 X 120Ml,£2.75
frozen-food,Whitby Seafoods Gluten Free Cod Goujons 225G,£3.00
frozen-food,Cofresh Tandoori Garlic Naan 4 Pieces 340G,£2.40
frozen-food,Linda Mccartney Vegetarian Shredded Hoisin Duck 300G,£2.50
frozen-food,Birds Eye Green Cuisine Chicken-Free Southern-Fried Strips 210g,£3.00
frozen-food,Acre Lane 2 Slow Cooked Duck Legs In Orange Sauce 465G,£5.00
frozen-food,The Gym Kitchen Beef Lasagne 400G,£2.50
frozen-food,Tesco British Turkey Whole Bird Extra Large 7.0-8.8kg,£31.00
frozen-food,Tesco Frozen Large Basted Whole Turkey Bird 5.3-6.9Kg,£25.50
frozen-food,Tesco Frozen Mini Turkey Crown 1Kg-1.4Kg,£15.00
frozen-food,Tesco Finest 2 Whole Raw Lobster Tails 220G,£13.40
frozen-food,Tesco Free From Breaded Chicken Steaks 4 Pack 380g,£4.75
frozen-food,Mr Prawn Cooked & Peeled Prawns 100/150 350G,£5.00
frozen-food,Tesco King Prawns & Scallops In Prosecco Sauce 200G,£5.00
frozen-food,Magnum White Chocolate Ice Cream Sticks 6x100ml,£6.10
frozen-food,Quorn Vegetarian Beef Roast 400G,£3.95
frozen-food,Pret Greens Smoothie Mix 400G,£3.75
frozen-food,Pret Berries & Cherries Smoothie Mix 400G,£3.75
frozen-food,Chicago Town Ultimate Chicago Thin Sausage & Pepperoni Large Pizza,£4.50
frozen-food,Hackney Gelato Chocolate & Roasted Hazelnut 460Ml,£5.50
frozen-food,"Hackney Gelato Pistachio, Almond & Lemon 460ml",£5.50
frozen-food,Chicago Town Ultimate Chicago Thin Cheese Large Pizza,£4.50
frozen-food,Ben & Jerry's Cookie Dough S'wich Up Vanilla Ice Cream Tub 465ml,£5.55
frozen-food,Ben & Jerry's Karamel Sutra Core Chocolate & Caramel Ice Cream Tub 465ml,£5.55
frozen-food,Little Moons Honey Roasted Pistachio Mochi Ice Cream 6x32g,£5.00
frozen-food,Ben & Jerry's Caramel Chew Chew Ice Cream Tub 465ml,£5.55
frozen-food,Nuii Ice Cream Adventure Coconut & Indian Mango 3x90ml,£4.75
frozen-food,Nuii Dark Chocolate & Berry Ice Cream Sticks 3X90ml,£4.75
frozen-food,Doughlicious Chocolate Chip Cookie Dough & Gelato Bites 6 x 34g,£4.50
frozen-food,Doughlicious Chocolate Truffle Cookie Dough & Gelato Bites 6 x 34g,£4.50
frozen-food,Carnation Original Drizzle Condensed Milk Dessert Sauce Bottle 450g,£3.20
frozen-food,Tesco Free From Salted Caramel Iced Dessert 900Ml,£3.10
frozen-food,Rowntree's Fruit Blaster Ice Lollies 6X58ml,£2.50
frozen-food,Tesco Free From 8 Thick Pork Sausages 454G,£2.30
frozen-food,Quorn Takeaway 2 Spicy Buffalo Fillets 200G,£3.15
frozen-food,Tesco British Turkey Whole Bird Extra Extra Large 8.9-10.6kg,£34.50
frozen-food,Tesco Finest Free Range Bronze Turkey 3.2-4.8Kg,£30.00
frozen-food,Magnum Classic Ice Cream Sticks 6x100ml,£6.10
frozen-food,Daim Chocolate Cake with Crunchy Caramel 400g,£4.00
frozen-food,Tesco Cooked Sliced Chicken 340G,£3.50
frozen-food,Cadbury Dairy Milk Vanilla Ice Cream 425ml,£4.25
frozen-food,Oreo Vanilla Ice Cream 425ml,£3.50
frozen-food,Magnum Mint Ice Cream Stick 100ml,£2.25
frozen-food,McCain Air Fryer Quick & Crispy Potato Hash Brown Bites 600g,£2.70
frozen-food,Cadbury Flake Vanilla Ice Cream 425ml,£5.75
frozen-food,Solero Exotic Ice Cream Lollies 6 x 90ml,£4.25
frozen-food,Rowntrees Mango Ice Lollies 4x70ml,£2.50
frozen-food,Tesco Mini Hash Brown Bites 700g,£2.00
frozen-food,Tesco Plant Chef 2 Meat-Free No-Ckn Garlic Kievs 280G,£2.30
frozen-food,Tesco Hot Chocolate Fudge Cake 450G,£1.95
frozen-food,Tesco Soft Scoop Vanilla Ice Cream 2L,£1.85
frozen-food,Birds Eye 12 Chicken Dippers 220G,£2.50
frozen-food,Tesco Ice Cream Cake,£16.50
frozen-food,Ben & Jerry's Sundae Dulce De-Lish Ice Cream Tub 427ml,£5.75
frozen-food,Tesco Finest Sticky Toffee Pudding 400g,£5.35
frozen-food,Carte D'Or Baileys Ice Cream Tub 825ml,£4.50
frozen-food,Haagen-Dazs Rum Raisin I/crm 460ml,£5.75
frozen-food,Haagen-Dazs Peanut Butter Ice Cream 460ml,£5.75
frozen-food,Tesco Finest Apple Crumble & Salted Caramel Ice Cream Tub 480ml,£3.25
frozen-food,Aunt Bessie's Crispy & Fluffy Roasties 600g,£2.50
frozen-food,Remeo Gelato Stracciatella Ice Cream 462Ml,£5.95
frozen-food,Remeo Gelato Pistacchio Siciliano 462Ml,£5.95
frozen-food,Remeo Ecuadorian Chocolate Gelato 462ml,£5.95
frozen-food,Tesco Confetti Trifle Cake 420g,£2.75
frozen-food,Tesco Caramelised Biscuit Ice Cream 900ml,£2.65
frozen-food,Tesco S’moreish Brownie 348g,£3.25
frozen-food,MAGNUM BON BON SALTED CARAMEL & ALMOND ICE CREAM BITES X12 204ML,£4.75
frozen-food,Viennetta Ice Cream Salted Caramel 650 ml,£2.00
frozen-food,Tesco Mini Salted Caramel & Honeycomb Ice Cream 6x36g,£2.75
frozen-food,Aunt Bessie’s Cauliflower Cheese 550g,£3.25
frozen-food,Tesco Jam Roly Poly 280g,£2.00
frozen-food,Wall's soft scoop neapolitan Ice Cream Tub 1800ml,£2.75
frozen-food,Oreo Cheesecake 425G,£3.40
frozen-food,Carte D'Or Mini Pots Eton Mess Ice Cream Tub 200ml,£2.00
frozen-food,CARTE D'OR INDLGNT CHOCOLATE COOKIE MINI ICE CREAM TUB 200ML,£2.00
frozen-food,Tesco Plant Chef No-Turkey Crown with Sage & Onion Stuffing 400g,£5.50
frozen-food,Pukka Chicken Microwaveable Shortcrust Pies 2 Pack,£3.75
frozen-food,Ben & Jerry's Chocolatey Orange Chunk 465ml Tub,£5.50
frozen-food,Halo Top Ice Cream - Chocolate Chip Cookie Dough 460ml,£5.25
frozen-food,Haagen-Dazs Ice Cream - Dulce De Leche 460ml,£5.75
frozen-food,Nutella Ice Cream 470ml,£5.50
frozen-food,Ben & Jerry's Sundae Brookies & Cream 427ml,£5.75
frozen-food,Halo Top Ice Cream - Golden Blondie 460ml,£5.25
frozen-food,"Hackney Gelato Banana, Caramel & Roasted Pecan Gelato 460ml",£5.50
frozen-food,Reese's Peanut Butter & Milk Chocolate Ice Cream 460ml,£5.50
frozen-food,Tesco Finest 2 Steak &Ale Pies 400g,£3.30
frozen-food,Cadbury Dairy Milk Caramel Ice Cream 425ml,£4.25
frozen-food,Pukka Steak Microwavable Pies 2 Pack,£3.75
frozen-food,Linda McCartney's 6 Vegan Lincolnshire Sausages 270g,£2.50
frozen-food,Cadbury Crunchie Honeycomb Ice Cream 425ml,£4.25
frozen-food,Greggs 2 Steak Bakes 280g,£3.00
frozen-food,THIS Isn't Pork Plant Based Sausages 270g,£3.00
frozen-food,Tesco Fully Loaded Choco Cookie Dough Ice Cream 425ml,£3.00
frozen-food,Quorn Garlic & Herb Fillets 2 Pack 200g,£2.80
frozen-food,Tesco Fully Loaded Choco Caramel Crunch Ice Cream 425ml,£3.00
frozen-food,Tesco Plant Chef 2 Seasonal Seeded Roasts with Port Gravy 310g,£3.00
frozen-food,Tesco Fully Loaded Choco Fudge Brownie Ice Cream 425ml,£3.00
frozen-food,MAGNUM BON BON WHITE CHOCOLATE & COOKIES ICE CREAM BITES X12 204ML,£4.75
frozen-food,Richmond 12 Meat Free Vegan Sausages 456g,£2.75
frozen-food,Linda McCartney's Quick Cook 2 Vegetarian Chicken Steaks 220g,£2.50
frozen-food,Pukka 2 Chicken & Mushroom Puff Pastry Pies,£2.80
frozen-food,Linda McCartney 2 Vegan Southern Fried Chicken Style Fillets 210g,£2.50
frozen-food,Kelly's Mint Choc Chip Cornish Ice Cream 950ml,£4.00
frozen-food,Pukka 2 Steak & Kidney Puff Pastry Pies,£2.80
frozen-food,Tesco 2 Chicken & Bacon Pies 284g,£1.50
frozen-food,Richmond 8 Meat Free Vegan Sausages 304G,£2.15
frozen-food,Tesco Cheese & Veg Pies 284g,£1.50
frozen-food,Tesco Steak Pies 284g,£1.50
frozen-food,Tesco Plant Chef 2 Meat Free No-Chicken Breasts 180G,£1.65
frozen-food,Carte D'Or Mini Lemon Meringue Pie Ice Cream 200ml,£2.00
frozen-food,Tesco Finest Caramelised Onion Pork Stuffing Wrapped in Bacon 360g,£4.00
frozen-food,Tesco Finest 4 Salted Caramel Cones 340g,£4.50
frozen-food,Kinder Bueno White And Hazelnut Ice Cream Cone 4 X 90Ml,£4.95
frozen-food,Mars Ice Cream Bars 4 x 49.5 ml,£3.00
frozen-food,Tesco Finest 4 Eton Mess Cones 340g,£4.50
frozen-food,Tesco Finest 4 Triple Chocolate Cones 340g,£4.50
frozen-food,Aunt Bessie's 10 Sage & Onion Stuffing 260G,£2.50
frozen-food,Ben & Jerry's Brookies & Cream 'Peaces' 160ml,£4.50
frozen-food,The Tofoo Co. Straight To Wok Soy & Ginger Tofu 350g,£3.75
frozen-food,The Tofoo Co. Tempura Crispy Tofu 300g,£3.75
frozen-food,The Tofoo Co. Straight To Wok Sweet Chilli Tofu 350g,£3.75
frozen-food,Ferrero Rocher Classic Ice Cream Sticks 4 X 70Ml,£5.20
frozen-food,Cadbury Dairy Milk Ice Cream Sticks 4x90ml,£4.50
frozen-food,Cornetto Soft Strawberry Ice Cream 4 x 140ml,£3.75
frozen-food,Cadbury Crunchie Blast Ice Cream Sticks 4x90ml,£4.50
frozen-food,Ferrero Raffaello Ice Cream Sticks 4 X 70Ml,£5.20
frozen-food,Cadbury Dairy Milk Caramel Ice Creams 4 x 90ml,£4.50
frozen-food,This Isn't Chicken Lightly Seasoned Pieces 250G,£3.00
frozen-food,Bounty Ice Cream Bars 4 X 50.1Ml,£3.00
frozen-food,Tesco 6 Dipped Waffle Cones With Sprinkles 150g,£2.50
frozen-food,Oreo Vanilla Ice Cream Sandwiches 4x110ml,£4.00
frozen-food,Cornetto Soft Chocolate And Vanilla Cones 4X140ml,£3.75
frozen-food,Snickers Ice Cream 4 x 50.3 ml,£3.00
frozen-food,Tesco Plant Chef Chicken-Style Pieces 300G,£2.25
frozen-food,Oreo Ice Cream Sticks 4x90ml,£4.00
frozen-food,Maltesers Ice Cream Bars 4x50ml,£3.00
frozen-food,Cadbury Chocolate Top Ice Cream Cones 4 X 100Ml,£3.95
frozen-food,Luvli Creamy & Crunchy White Choc Macarons 192g,£3.00
frozen-food,Oreo Ice Cream Cones 4 Pack 400Ml,£4.00
frozen-food,Cadbury Crunchie Blast Ice Cream Cones 4x100ml,£3.25
frozen-food,Rowntree's Fruit Push Up Ice Lollies - Orange & Blackcurrant 4 x 90ml,£2.50
frozen-food,Solero Strawberry Twist Ice Cream Lollies 3 x 90ml,£2.75
frozen-food,Rowntree's Fruit Push Up Ice Lollies - Strawberry & Tropical 4 x 90ml,£2.50
frozen-food,Tesco Caramel Dessert Sauce 325g,£1.30
frozen-food,Tesco Chocolate Flavour Dessert Sauce 325g,£1.30
frozen-food,Tesco Raspberry Dessert Sauce 325g,£1.30
frozen-food,Tesco Rainbow Ice Cream Cones 4x110ml,£1.60
frozen-food,Young's 4 Fish Steaks In A Parsley Sce 560g,£4.80
frozen-food,Youngs 4 Fish Steaks And Butter Sauce 560G,£4.50
frozen-food,Tesco Finest Bramley Apple & Caramel Crumble Tart 453g,£5.25
frozen-food,Dr. Oetker Ristorante Vegan Pepperoni Salame Pizza 295g,£3.35
frozen-food,"Tesco Finest Wood Fired Pizza - Ham, Mushroom & Mascarpone 430g",£3.65
frozen-food,Dr. Oetker Suprema La Margherita Cheese Sourdough Pizza 414g,£5.00
frozen-food,Crosta Mollica Margherita Vesuvio Pizza Bites 270g,£4.75
frozen-food,Dr. Oetker Ristorante Gluten Free Mozzarella Pizza 370g,£3.80
frozen-food,Chicago Town Tiger Crust Pizza - Cheese Medley 305g,£4.00
frozen-food,Tesco Finest Goat's Cheese & Caramelized Onion Pizza 440g,£3.65
frozen-food,Tesco Finest Belgian White Chocolate & Berry Cheesecake 450g,£5.25
frozen-food,Tesco Finest Colombian Coffee Ice Cream 480Ml,£3.25
frozen-food,Greggs 2 Cheese & Onion Bakes 288g,£3.00
frozen-food,Chicago Town Ultimate Cheesy Deep Dish Epic Five Cheese Pizza 2 x 164g,£2.75
frozen-food,Birds Eye Captain's Discoveries 2 Tortilla Crumb Mexican Inspired Fish Fillets 220g,£4.00
frozen-food,Greggs 2 Sausage Bean & Cheese Melts 308g,£3.00
frozen-food,Greggs 2 Chicken Bakes 306g,£3.00
frozen-food,TESCO TAKEAWAY AMERICAN HOT CHILLI CHEESE STUFFED CRUST PIZZA 505G,£3.00
frozen-food,Tesco Takeaway The Big Cheeseburger Classic Crust Pizza 476g,£3.00
frozen-food,Greggs 4 Sausage Rolls 427g,£3.00
frozen-food,Tesco Finest Belgian Chocolate Ice Cream 480Ml,£3.25
frozen-food,Tesco Finest Roasted Pistachio Ice Cream 480Ml,£3.25
frozen-food,Tesco Stonebaked Vegetable Pizza 380g,£1.60
frozen-food,Tesco Hearty Foods 2 Sausage & Bean Bake 308g,£1.39
frozen-food,Tesco 2 Creamy Chicken Bakes 280g,£1.35
frozen-food,Goodfella's New York Style Ultimate Four Cheese Pizza 534g,£4.75
frozen-food,Birds Eye Potato Waffle Fries 500g,£2.80
frozen-food,Craft Pizza Pinsa Garlic Cheese 350g,£3.50
frozen-food,Crosta Mollica Salami Napoli Sourdough Pizza 413g,£5.25
frozen-food,Crosta & Mollica Margherita Pizzetta 2 x 218g,£5.25
frozen-food,Joie Flower Ice Cube Tray,£4.00
frozen-food,Joie Silicone Ice Ball Tray Assortment,£4.00
frozen-food,Dr. Oetker Suprema La Romana Salami Sourdough Pizza 425g,£5.00
frozen-food,Aunt Bessie’s Green Vegetable Mix 500g,£3.25
frozen-food,Tesco 8 Beef & Horseradish Mash Yorkshire Puddings 112g,£3.50
frozen-food,Craft Pizza Classic Crust Takeaway Mac & Cheese 486g,£4.50
frozen-food,Craft Pizza No.1 Takeaway Cheese Feast 426g,£4.50
frozen-food,Tesco Finest Margherita Pizza 420g,£3.65
frozen-food,Goodfella's Stonebaked Thin Margherita Cheese Pizza 334g,£3.00
frozen-food,Craft Pizza Pinsa Meatball Marinara 360g,£3.50
frozen-food,Merchant Gourmet Herby Mediterranean Vegetables & Couscous 400G,£2.50
frozen-food,Merchant Gourmet Korean -Style Vegetable & Mixed Grains 400G,£2.50
frozen-food,Linda McCartney Vegan Chicken Style Dippers 200g,£3.00
frozen-food,Beyond Meat Plant Based Mince 250g,£4.00
frozen-food,Strong Roots Air Bites Crispy Spinach & Carrot 300g,£2.95
frozen-food,Strong Roots Air Bites Crispy Pea & Lemon 300g,£2.95
frozen-food,Tesco Takeaway Loaded Lasagne Classic Crust Pizza 443g,£2.95
frozen-food,Quorn Salt & Pepper Tenders 240g,£2.85
frozen-food,Like Popcorn Chicken 300g,£2.75
frozen-food,Wall's Twister Mini Pineapple Ice Cream Lollies 6x50ml,£2.75
frozen-food,"Tesco Vegetarian 2 Pesto, Vegetable & Mozzarella Melts 280G",£2.00
frozen-food,Tango Cherry Sub Zero Ice Lollies 4X70ml,£2.50
frozen-food,Wall's Calippo Mini Cola Ice Lollies 5x80ml,£2.90
frozen-food,Tesco Stonebaked Ham & Pineapple Pizza 375g,£1.60
frozen-food,Tesco Plant Chef 16 Vegetable Fingers 448g,£1.69
frozen-food,Tesco Plant Chef No-Beef Meatballs 380g,£1.42
frozen-food,"Tesco Finest Butternut Squash, Chickpea & Chilli Parcels Topped with a Spinach, Herb & Seed Crumb 356g",£6.00
frozen-food,Quorn Cottage Pie 400g,£3.85
frozen-food,Birds Eye 5Oz Steak Burger 284G,£5.00
frozen-food,Tesco Finest Aberdeen Angus & Cheese Topped Beef Burgers 324g,£3.75
frozen-food,Tesco Strawberries and Cream Ice Lollies 284g (4x70ml),£2.65
frozen-food,Tesco Skin On Fries 900g,£2.60
frozen-food,Tesco Cloudy Apple Ice Lollies 4x73ml,£2.65
frozen-food,Tesco 4 Double Cheeseburgers 568g,£4.40
frozen-food,Zizzi Lentil & Sundried Tomato Ragu 400g,£3.25
frozen-food,Tesco Super Crispy French Fries 900g,£2.60
frozen-food,Twister Mallow Ice Lolly 80ml,£1.80
frozen-food,"Popsicle Orange, Cherry & Grape Flavour Water Ices 18 x 48ml",£4.00
frozen-food,Tesco Seasoned Zig Zag Fries 750g,£2.55
frozen-food,"Tesco Pineapple, Coconut & Lime Lollies 4x73ml",£2.65
frozen-food,Tesco Sweet Chilli Beef Burgers - 4 Pack 454g,£3.75
frozen-food,Tesco Milk Choc Ices 8x70ml,£2.15
frozen-food,Tesco Valencia Orange Juice Ice Lollies 4x73ml,£2.65
frozen-food,Little Moons Refreshos Very Berry Mochi Sorbet 6x32g,£5.00
frozen-food,Wall's Twister Mini Pineapple Ice Cream Lollies 10 x 50ml,£3.75
frozen-food,Beyond Meat Plant-Based Spaghetti Bolognese 350G,£3.00
frozen-food,Del Monte Strawberry Fruit Splits 4 x 73ml,£2.75
frozen-food,Rowntree's Fruit Twisties Ice Lollies 4X70ml,£2.50
frozen-food,Calippo Cola Ice Lolly 105Ml,£1.45
frozen-food,Tesco 4 Minted Lamb Burgers 454G,£3.75
frozen-food,Wall's Haribo Push Up Ice Cream Sticks 4 x 85ml,£3.00
frozen-food,Tango Sub-Zero Tang Apple Flavoured Iced Lollies 4 x 70ml,£2.50
frozen-food,Solero Orange Burst Ice Cream Lollies 3 x 90ml,£2.75
frozen-food,Wall's Calippo Mini Orange & Lemon-Lime Ice Lollies 5x80ml,£2.90
frozen-food,Twister Mini Tropical 6x50ml,£2.75
frozen-food,Wall's Twister Berrylicious Ice Lollies 4x70ml,£2.90
frozen-food,Tesco Mushroom Stroganoff 400g,£1.95
frozen-food,Tesco Cheese & Garlic Pizza Bread 236G,£1.20
frozen-food,Tesco Sour Cherry Cola Helter Skelter Ice Lollies 5x70ml,£1.20
frozen-food,Tesco Mint Chocolate Ice Cream Sticks 3x110ml,£1.75
frozen-food,trüfrü Strawberry White & Milk Chocolate 200g,£5.95
frozen-food,trüfrü Raspberry White & Dark Chocolate 200g,£5.95
frozen-food,trüfrü Raspberries In White & Milk Chocolate 200g,£5.95
frozen-food,Ben & Jerry's Sundae Marshmallow & S'more Ice Cream Tub 427ml,£5.75
frozen-food,itsu 12 hoisin duck gyoza 280g,£4.25
frozen-food,itsu king prawn gyoza 234g,£4.25
frozen-food,Haagen-Dazs Favourites Mini Cups Ice Cream Collections 4x95ml,£5.75
frozen-food,itsu 8 hoisin duck bao buns 256g,£3.95
frozen-food,Haagen-Dazs Indulgence Collection Mini Cups Ice Cream 4x95ml,£5.75
frozen-food,itsu 8 teriyaki chicken bao buns 256g,£3.95
frozen-food,itsu 8 katsu veg bao buns 256g,£3.95
frozen-food,Magnum White Chocolate Ice Cream Sticks 3x100ml,£3.50
frozen-food,Magnum Almond Ice Cream Sticks 3x100ml,£3.50
frozen-food,Doughlicious Mint Chocolate Chip Cookie Dough & Non-Dairy Gelato Bites 6 x 32g,£4.50
frozen-food,Kitchen Joy Tom Yum Chicken in a Coconut & Lemongrass Sauce with Noodles 320g,£2.75
frozen-food,itsu chicken soup dumplings 168g,£3.00
frozen-food,itsu spicy chicken soup'dumplings 168g,£3.00
frozen-food,Little Moons Refreshos Pineapple & Mandarin Mochi Sorbet 6x32g,£5.00
frozen-food,itsu chicken bao'sliders 165g,£3.00
frozen-food,itsu thai style prawn soup'dumplings 168g,£3.00
frozen-food,itsu vegetable steamed dumplings 168g,£3.00
frozen-food,Kitchen Joy Sweet & Sour Chicken with Jasmine Rice 350g,£2.75
frozen-food,Kitchen Joy Thai Red Chicken Aromatic Coconut Curry with Jasmine Rice 350g,£2.75
frozen-food,Kitchen Joy Chicken Panang Rich Coconut & Lime Curry with Jasmine Rice 350g,£2.75
frozen-food,Kitchen Joy Thai Green Chicken Lemongrass & Coconut Curry with Noodles 320g,£2.75
frozen-food,MAGNUM BON BON GOLD CARAMEL BILLIONAIRE ICE CREAM BITES 12 PACK 204ML,£4.75
frozen-food,Annabel Karmel Mighty Bolognese Mac & Cheese 200g,£2.10
frozen-food,Chicago Town Subs Cheese & Tomato 2 x 125g,£2.00
frozen-food,Street Snacks Classic Mac & Cheese 300g,£2.50
frozen-food,Street Snacks Beef Pasta Ragu 300g,£2.50
frozen-food,Street Snacks Chicken Jalfrezi & Rice 300g,£2.50
frozen-food,Del Monte Raspberry & Vanilla Swirl Ice Cream Sticks 3x90ml,£2.75
frozen-food,Del Monte Mango & Coconut Swirl Ice Cream Sticks 3x90ml,£2.75
frozen-food,McCain Vibes Mango Chutney Hot Potato Snack 356g,£3.00
frozen-food,Tesco Korean Style Spicy Chicken Noodles 400g,£1.95
frozen-food,Tesco Chili Beef Noodles 400g,£1.95
frozen-food,McCain Vibes Salt & Vinegar Hot Potato Snack 356g,£3.00
frozen-food,McCain Vibes Firecracker Chilli Hot Potato Snack 355g,£3.00
frozen-food,Birds Eye 4 Breaded Haddock Fillets 400g,£6.60
frozen-food,Birds Eye 4 Breaded Cod Fillets 400g,£6.60
frozen-food,Tesco 4 Quarter Pounder Chicken Burger 454G,£3.65
frozen-food,Birds Eye 44 Chicken Nuggets With Golden Wholegrain 695G,£6.00
frozen-food,Trufru Nature's Blueberries in White & Dark Chocolate 200g,£5.95
frozen-food,Birds Eye 4 Battered Haddock Fillets 400g,£6.50
frozen-food,Tesco Free From 2 Battered Whitefish Fillets 270g,£3.10
frozen-food,Birds Eye Captain's Discoveries Lemon and Parsley Prawns 220g,£4.00
frozen-food,Birds Eye 4 Battered Cod Fillets 400g,£6.50
frozen-food,Little Moons Brown Butter Caramel Mochi Ice Cream Bites 6 x 30g,£5.00
frozen-food,Youngs Chip Shop Jumbo Fish Special 480g,£5.00
frozen-food,Tesco Finest Lamb Moussaka 400g,£3.35
frozen-food,Tesco Finest Cottage Pie 400g,£3.35
frozen-food,Birds Eye Captain's Discoveries Prawns in Breaded 250g,£4.00
frozen-food,Tesco Southern Fried 2 Chicken Breast Fillet Burgers 210g,£2.75
frozen-food,Tesco Finest Coq Au Vin 400g,£3.35
frozen-food,Birds Eye Captain's Discoveries 2 Focaccia Crumb Mediterranean Fish Fillets 220g,£4.00
frozen-food,Little Dish Superstars Chicken Nuggets with Hidden Veg 300g,£3.75
frozen-food,Tesco Finest 2 Beer Battered Cod Fillets 300g,£4.00
frozen-food,Diggerscrispy Shredded Chicken 320G,£3.85
frozen-food,itsu prawn bao'sliders 165g,£3.00
frozen-food,Diggers Batter Chicken Balls 320G,£3.85
frozen-food,Tesco Apple Tart 450g,£2.60
frozen-food,McCain Vibes Cheese & Onion Hot Potato Snack 356G,£3.00
frozen-food,Tesco Apple & Pear Pie 520g,£2.00
frozen-food,Birds Eye Captain's Discoveries Lightly Dusted Fish Fillets with Sea Salt & Rosemary 280g,£4.00
frozen-food,Chicago Town Subs Loaded Pepperoni 2 pack 125g,£2.00
frozen-food,Street Snacks Chicken Tikka Potatoes 300g,£2.50
frozen-food,Street Snacks Chicken Korma Potatoes 300g,£2.50
frozen-food,Tesco Finest Beef Bourguignon 400g,£3.35
frozen-food,Birds Eye 2 Breaded Fish Fillets 200G,£2.50
frozen-food,Birds Eye 2 Battered Fish Fillets 200G,£2.50
frozen-food,Birds Eye 32 Breaded Cod Fish Fingers 896g,£8.50
frozen-food,Birds Eye Cod Fish Fingers 18 Pack 504g,£6.75
frozen-food,PACK'D Organic Summer Berries Blend 300g,£4.60
frozen-food,PACK'D Organic Blueberries 300g,£4.60
frozen-food,Tesco Finest British Chunky Oven Chips 1.2kg,£3.50
frozen-food,Tesco Blackberries 350G,£3.00
frozen-food,Tesco Raspberries 300G,£3.00
frozen-food,Tesco Pitted Sweet Cherries 350G,£3.00
frozen-food,Tesco Exotic Fruit Mix 450G,£3.00
frozen-food,Tesco Finest 4 Potato Dauphinoise 480g,£3.00
frozen-food,McCain Triple Cooked Gastro Chips 600g,£3.15
frozen-food,Tesco Southern Fried Chicken Breast Strips 400G,£4.10
frozen-food,Tesco Finest Triple Cooked Beef Basted Oven Chips 750g,£2.85
frozen-food,Jahan Frozen Hot & Spicy Chicken Strips 500G,£3.10
frozen-food,Tesco Buttermilk Chicken Strips 400g,£4.10
frozen-food,Birds Eye 2 Gluten Free Southern Fried Breaded Chicken Breast Steaks 180g,£3.00
frozen-food,Birds Eye Omega 3 Fish Fingers 32 Pack 896g,£5.00
frozen-food,Birds Eye 20 Omega 3 Fish Fingers 560g,£4.25
frozen-food,TESCO CAULIFLOWER CHEESE BAKE 680G,£2.40
frozen-food,Tesco 2 Breaded Plaice Fillets 250g,£3.25
frozen-food,Diggers Salt Ch C Shredded Chicken 320G,£3.85
frozen-food,Birds Eye Crispy Chips 900g,£2.50
frozen-food,Tesco Free From Chunky Cod Fish Fingers 6 Pack 300g,£2.85
frozen-food,Scoff'd Diced Chicken Breast Fillets 640g,£4.90
frozen-food,Scoff'd Chicken Breast Fillet Portions 1kg,£5.10
frozen-food,Tesco Finest Whole Cooked Atlantic Lobster 375g,£10.25
frozen-food,Tesco Finest Pork Fillet Wrapped in Bacon 575g,£8.00
frozen-food,Ben & Jerry's Bohemian Raspberry Non Dairy Ice Cream 465ml,£5.95
frozen-food,Ben & Jerry’s Chocolate Fudge Brownie Non Dairy Ice Cream Tub 465ml,£5.15
frozen-food,Ben & Jerry's Cookies On Cookie Dough Non Dairy Ice Cream Tub 465ml,£5.15
frozen-food,Birds Eye Steamfresh Creamy Cheese Vegetable Pasta Meal for 1 400g,£3.50
frozen-food,Tesco Zingy Chicken Strips 400g,£4.10
frozen-food,Tesco Finest 16 Pigs in Blankets 400g,£5.50
frozen-food,Tesco 6 Mini Danish Pastry Selection 235G,£2.80
frozen-food,Tesco Finest North Atlantic Cooked Prawns 225G,£4.75
frozen-food,Jus-Rol Ready Rolled Puff Pastry Sheets 2 Pack 640g,£2.50
frozen-food,Jus-Rol 2 Shortcrust Pastry Ready Rolled 640G,£2.50
frozen-food,Tesco Finest Yellow Fin Tuna Steaks 280g,£4.50
frozen-food,Tesco Finest Garlic and Herb Tenders with Marinara Sauce 350g,£4.00
frozen-food,Griddle Original Wholegrain Waffles 6 Pack 200g,£2.75
frozen-food,Tesco Super Crispy Crinkle Cut Chips 900g,£2.60
frozen-food,Griddle Choc Chip Protein Waffles 6 Pack 200g,£2.75
frozen-food,Birds Eye Steamfresh Mediterranean Vegetable and Tomato Pasta Meal for 1 400g,£3.50
frozen-food,Little Moons Strawberry & Mascarpone Mochi Cheesecakes 4x30g,£3.75
frozen-food,Little Moons Cheesecakes - Caramelised Biscuit & White Chocolate 4x30g,£3.75
frozen-food,Tesco Finest 2 Skinless & Boneless Cod Loins 300g,£4.50
frozen-food,Little Moons Chocolate & Salted Caramel Mochi Cheesecakes 4x30g,£3.75
frozen-food,Tesco Free From 4 Chocolate Eclairs 100g,£2.55
frozen-food,Birds Eye Crispy Wedges 700g,£2.50
frozen-food,Birds Eye Steamfresh Mushroom Tagliatelle with a Creamy Sauce Meal for 1 400g,£3.50
frozen-food,Tesco Free From Profiteroles 220g,£2.00
frozen-food,McCain Air Fryer Deep Ridge Crinkle Cut Fries 750g,£3.20
frozen-food,Tesco Slow Cooked Buttermilk Turkey Breast Joint with Smoked Streaky Bacon and Stuffing 900g,£0.00
frozen-food,"Tesco Three Bird Roast with Pork, Sage and Onion Stuffing 1.2kg",£15.00
frozen-food,Magnum Collection Vegan Classic Ice Cream Sticks 3 x 90ml,£4.25
frozen-food,Kinder Bueno Ice Cream 4 Pack 360 Ml,£4.95
frozen-food,"Magnum Classic, Almond & White Chocolate Ice Cream Sticks 6 Multipack (580ml)",£6.85
frozen-food,Chicago Town Tiger Crust Pizza - Double Pepperoni 320g,£4.00
frozen-food,Magnum Utopia Double Hazelnut 3 x 85ml,£4.25
frozen-food,Magnum Collection Vegan Blueberry Cookie Ice Cream Sticks 3 x 90ml,£3.75
frozen-food,Cadbury Dairy Milk Mint Ice Cream Sticks 4x90ml,£4.50
frozen-food,Magnum Utopia Double Cherry Single 85ml,£2.30
frozen-food,Magnum Utopia Double Cherry 3 x 85ml,£4.25
frozen-food,Cadbury Dairy Milk Minis Vanilla Ice Cream Sticks 6 x 50ml,£5.00
frozen-food,Goodfella's Stonebaked Thin Pepperoni Pizza 332g,£3.00
frozen-food,Kinder Chocolate Ice Cream Sticks 4 x 55 ml,£4.00
frozen-food,Magnum Utopia Double Hazelnut Single 85ml,£2.30
frozen-food,JAHAN Thin Crust Halal Pepperoni Pizza 340g,£3.25
frozen-food,Nuii Peanut Butter & Canadian Maple Syrup Ice Cream Sticks 3x90ml,£4.75
frozen-food,Haagen-Dazs Crunchy Cookies and Cream Ice Cream Stick 3x80ml,£4.20
frozen-food,Haagen-Dazs Chunky Salted Caramel Stick Bar Ice Cream 3x80ml,£4.20
frozen-food,Oreo Vanilla Ice Cream Mini Sticks 6x50ml,£3.50
frozen-food,Snickers White Ice Cream Bars 4x40.8g,£3.00
frozen-food,Young's Popcorn Scampi Bites 190g,£1.85
frozen-food,Tesco Takeaway Pepperoni Party Stuffed Crust Pizza 472g,£3.00
frozen-food,Oreo Ice Cream Mini Sandwiches 6x55ml,£3.50
frozen-food,Aunt Bessie’s Maple & Thyme Glazed Carrots 500g,£3.25
frozen-food,Twix Ice Cream Bars 4x43.1ml,£3.00
frozen-food,Tesco Deep Pan Pepperoni Pizza 379g,£1.50
frozen-food,Dr. Oetker Ristorante Pizza - Pepperoni Pesto 360g,£3.10
frozen-food,Tesco Prawn Toast 8 Pack 120g,£3.00
frozen-food,Tesco Katsu Chicken Bites 200g,£3.50
frozen-food,Craft Pizza Thin Crust takeaway Meat Feast 495g,£4.50
frozen-food,Goodfella's New York Style Fully Loaded Pepperoni Pizza 532g,£4.75
frozen-food,Tesco Salt & Pepper Salmon Chunks 10 Pack 250g,£3.50
frozen-food,Crosta Mollica Salami Vesuvio Pizza Bites 270g,£4.75
frozen-food,Tesco Fish Finger Rosti With Mushy Peas 280g,£3.50
frozen-food,Tesco 12 Mini Cheese & Tomato Pizzas 360G,£3.00
frozen-food,English Cheesecake Company 6 Lemon Cheesecake Bites 210g,£3.25
frozen-food,Tesco 10 Katsu Vegetable Spring Rolls 200g,£3.50
frozen-food,Tesco 8 Prawn Toast Gyozas with Soy & Lime Dip 206g,£3.50
frozen-food,Tesco Free From Bacon and Cheese Bites 205G,£3.00
frozen-food,Tesco Takeaway Carbonara Classic Crust Pizza 428g,£3.00
frozen-food,Tesco Takeaway The Cheeky BBQ Chicken Stuffed Crust Pizza 495g,£2.95
frozen-food,Tesco 8 Chicken Tikka Naans 144g,£3.00
frozen-food,Tesco 10 Satay Chicken Skewers 180g,£2.50
frozen-food,Tesco 8 Fisherman's Crisp Sandwiches 200g,£3.50
frozen-food,Tesco Takeaway The Whole Works Classic Crust Pizza 506g,£3.00
frozen-food,Tesco 10 No-Prawn Bubble Tempuras 150g,£2.50
frozen-food,Tesco 10 Meat Free Mini Pasties 280g,£2.50
frozen-food,Tesco Takeaway BBQ Meat Feast Cheese Stuffed Crust Pizza 475g,£3.00
frozen-food,Tesco 10 Chicken Fajita Taco Cups 144g,£3.50
frozen-food,Delicio Gluten Free Garlic Baguette 170G,£2.45
frozen-food,Tesco Chicken Tikka Banquet 550g,£3.00
frozen-food,Tesco 8 Prawn Bao Buns 256g,£3.00
frozen-food,Tesco 10 Mini Beef Pasties 280g,£2.50
frozen-food,Tesco Raspberry & White Chocolate Cheesecake 455g,£2.75
frozen-food,Tesco 10 Chip Shop Favourites 350g,£3.00
frozen-food,Tesco Deep Pan Meat Feast Pizza 388g,£1.50
frozen-food,Tesco 8 Mini Prawn Cocktail Vol-Au-Vents 168G,£3.00
frozen-food,Tesco 10 Prawn Kushiyaki Skewers 180g,£3.15
frozen-food,Tesco Millionaires Cheesecake 450g,£2.25
frozen-food,Tesco Finest Bronze Crown 1.8-2.3kg,£34.65
frozen-food,Tesco British Chicken Thighs 1.5kg,£5.00
frozen-food,Tesco Free From 12 Mozzarella Sticks 180g,£3.00
frozen-food,Crown Farms Black Tiger Prawns 200g,£4.25
frozen-food,TESCO FREE FROM MAC & CHEESE 350g,£3.50
frozen-food,Birds Eye Chicken Shop Lemon & Herb Chicken Wings 375G,£4.40
frozen-food,Birds Eye Chicken Shop Sweet Chilli Chicken Tenders 300g,£4.40
frozen-food,Birds Eye Chicken Shop BBQ Style Chicken Fries 300g,£4.40
frozen-food,Schar Gluten Free Mini Calzone Bites 250G,£3.50
frozen-food,"Gu Frozen Caramel, Chocolate & Hazelnut Sundae 4 x 79g",£5.15
frozen-food,TESCO FREE FROM BEEF LASAGNE 350g,£3.50
frozen-food,Gu Frozen Double Salted Caramel & Mascarpone Sundae 4 x 85g,£5.15
frozen-food,Kirsty's Chicken Arrabiata 300g,£3.30
frozen-food,Kirsty's Pasta Bolognese 300G,£3.30
frozen-food,White Rabbit Gluten Free Sourdough Doughballs with Roasted Garlic Butter 8 Pack 140g,£3.00
frozen-food,English Cheesecake Company Mint Chocolate Chip Cheesecake Bites 6 x 35g,£3.25
frozen-food,Tesco Firepit 4 Teriyaki Salmon Skewers 250g,£3.75
frozen-food,Tesco Free From Cheese & Bacon Crispbakes 227g,£2.50
frozen-food,Tesco Free From Cheese Croquettes 270g,£2.25
frozen-food,Tesco Free From 10 Halloumi Fries 170g,£2.50
frozen-food,Tesco Mini Triple Chocolate Ice Cream 6x37g,£2.75
frozen-food,TESCO FREE FROM MARGHERITA PIZZA 320g,£2.60
frozen-food,Goodfella's Gluten Free Cheesy Garlic Bread 218g,£2.90
frozen-food,TESCO FREE FROM PEPPERONI PIZZA 340g,£2.60
frozen-food,Tesco Cumberland Sausages 16 Pack 720g,£2.06
frozen-food,Tesco 16 Pork Sausages 720g,£2.06
frozen-food,Crosta & Mollica Regina Sourdough Pizza 448g,£5.75
frozen-food,"Magnum Mini Classic, Almond & White Chocolate Ice Cream sticks 10x55ml",£6.50
frozen-food,Magnum Mini Double Chocolate & Caramel Ice Cream Sticks 6x55ml,£5.00
frozen-food,Magnum Mini Double Caramel Almond & Billionaire Ice Cream Sticks 6x55ml,£5.00
frozen-food,Magnum Almond Ice Cream Sticks 6x100ml,£6.10
frozen-food,"Magnum Mini Classic, Almond & White Chocolate Ice Cream Sticks 6x55ml",£5.00
frozen-food,Linda Mccartneys 6 Vegetarian Sausages Rolls 342G,£2.50
frozen-food,Magnum Mini Mint Ice Cream Sticks 6x55ml,£5.25
frozen-food,Linda Mccartney 2 Cheese Leek And Red Onionplaits 340G,£3.00
frozen-food,Chicago Town Takeaway Stuffed Crust BBQ Chicken Pizza 668g,£4.95
frozen-food,Magnum Mini Classic Ice Cream Sticks 6x55ml,£5.00
frozen-food,Magnum Double Raspberry Ice Cream Sticks 3X85ml,£4.25
frozen-food,Magnum Sunlover White Chocolate Mango & Coconut Ice Cream Sticks 3x85ml,£4.25
frozen-food,"Magnum Euphoria White Chocolate, Pink Lemonade Ice Cream Sticks 3x90ml",£4.25
frozen-food,Quorn 4 Southern Fried Burgers 252g,£2.75
frozen-food,Magnum Salted Caramel Ice Cream Sticks 3x100ml,£3.50
frozen-food,Magnum Mint Ice Cream Sticks 3x100ml,£3.50
frozen-food,itsu garlic & chilli edamame 300g,£3.25
frozen-food,Tesco Vegetarian Spinach & Cheddar Cheese Lattice Slices 280g,£2.00
frozen-food,Like Chicken Burgers 4 pack 320g,£2.75
frozen-food,Tesco Stonebaked BBQ Chicken and Bacon Pizza 335g,£1.80
frozen-food,Beyond Smash Plant Based Patties 2 x 76g,£3.25
frozen-food,Tesco Chinese Style Chicken Curry & Rice 400g,£1.95
frozen-food,Tesco Stonebaked Sweet Chilli Chicken Pizza 330g,£1.60
frozen-food,Tesco Finest Tiramisu Gelato 480ml,£4.50
frozen-food,Haagen-Dazs Pistachio & Cream Ice Cream Tub 420ml,£5.75
frozen-food,Tesco Finest Hazelnut and Cocoa Gelato 480ml,£4.50
frozen-food,Haagen-Dazs Lotus Biscoff Caramel & Cream Ice Cream Tub 460ml,£5.75
frozen-food,Haagen-Dazs Ice Cream - Strawberries & Cream 460ml,£5.75
frozen-food,Tesco Finest Pistachio Gelato 480ml,£4.50
frozen-food,Halo Top Ice Cream - Honeycomb Crunch 460ml,£5.25
frozen-food,Halo Top Ice Cream - Gooey Brownie 460ml,£5.25
frozen-food,Ben & Jerry's Cookie Dough Vanilla Ice Cream Tub 465ml,£5.55
frozen-food,YO! Chicken Katsu 260g,£3.50
frozen-food,Tesco Finest Chicken Tikka Masala with Spiced Basmati Rice 400g,£3.35
frozen-food,Tesco Finest Sri Lankan Style Chicken Curry 400g,£3.35
frozen-food,itsu vegetable tempura fries 350g,£3.25
frozen-food,Yo! Chicken Katsu Bao Bun Kit 460g,£3.75
frozen-food,Itsu Pumpkin Crispy Fritters 240g,£3.25
frozen-food,Tesco Singapore Style Noodles 700g,£3.30
frozen-food,Kitchen Joy Spicy Sesame Chicken Aromatic Chilli with Noodles 320g,£2.75
frozen-food,The Gym Kitchen Chicken Katsu Curry 550g,£3.30
frozen-food,Tesco Thai Green Chicken Curry 700g,£3.00
frozen-food,Tesco South Indian Style Butternut and Chickpea Curry 400g,£1.95
frozen-food,Tesco Keralan Style Chicken Curry 400g,£1.95
frozen-food,Tesco Teriyaki Chicken & Jasmine Rice 400g,£1.95
frozen-food,Halal Eat Chicken Breast Fillets 1kg,£6.75
frozen-food,Isla Delice Halal Spicy Chicken Grills 640g,£6.00
frozen-food,White Rabbit Prosciutto Ham & Mushroom Sourdough Gluten Free Pizza 332g,£4.50
frozen-food,White Rabbit Chicken & Chorizo Sourdough Gluten Free Pizza 324g,£4.50
frozen-food,Tesco Creamy Chicken & Bacon Pasta 700g,£3.95
frozen-food,Halo Top Honeycomb Crunch Ice Cream Sticks 3 x 100ml,£4.20
frozen-food,Reese's Peanut Butter & Milk Chocolate Ice Cream 3 x 80ml,£4.50
frozen-food,MAGNUM INTENSE DARK CHOCOLATE ICE CREAM STICKS 3 X100ML,£4.25
frozen-food,Tesco Potato Croquettes 700g,£2.00
frozen-food,Zizzi Tagliatelle Beef Ragu 400g,£3.25
frozen-food,Tesco Finest Beef Lasagne 400g,£3.35
frozen-food,Zizzi Spaghetti Meatball Arrabbiata 400g,£3.25
frozen-food,Zizzi Chorizo Spaghetti Carbonara 400g,£3.25
frozen-food,Zizzi Spicy Chicken Rigatoni 400g,£3.25
frozen-food,Tesco Vegetarian Cauliflower Cheese Croquettes 240g,£2.00
frozen-food,The Gym Kitchen Pulled Pork Mac & Cheese 400g,£2.50
frozen-food,The Gym Kitchen Chicken Carbonara 400g,£2.60
frozen-food,The Gym Kitchen Chicken & Chorizo Paella 400G,£2.50
frozen-food,Tesco Chicken Arrabbiata 400g,£1.95
frozen-food,The Gym Kitchen Meat Feast Pasta 400g,£2.50
frozen-food,Tesco Spaghetti Carbonara 400g,£1.95
frozen-food,Birds Eye Chicken Shop Crispy Seasoned Fries 500g,£2.30
frozen-food,Tesco Macaroni Cheese 400g,£1.95
frozen-food,Aunt Bessie’s Maple Glazed Gammon Joint 700g,£8.00
frozen-food,Tesco Tempura Chicken Breast Chunks 650G,£5.95
frozen-food,Tesco Hot & Spicy Chicken Wings 650G,£3.60
frozen-food,Ben & Jerry's Peaces Cookie Dough Ice Cream 10 Pack 160ml,£4.50
frozen-food,Oreo Mini Bites Ice Cream 14 pack 105ml,£3.50
frozen-food,Gu Frozen Clotted Cream & Chocolate Crunch Sundae 4 x 73.5g,£5.15
frozen-food,Tesco Breaded Chicken Strips 400g,£4.10
frozen-food,Tesco Katsu Style Chicken Strips 400g,£4.10
frozen-food,Birds Eye Chicken Shop Buttermilk Chicken Tenders 300G,£4.40
frozen-food,Birds Eye Chicken Shop Chicken Wings - Hickory BBQ 375g,£4.40
frozen-food,Birds Eye Chicken Shop Hot & Fiery Chicken Chunks 300G,£4.40
frozen-food,The Gym Kitchen Salt & Pepper Chicken 550g,£3.30
frozen-food,Birds Eye Chicken Shop Spicy Korean Chicken Tenders 300g,£4.40
frozen-food,Tesco Zingy Chicken Breast Fillets 210g,£2.50
frozen-food,Tesco High Protein 3 Bean Chipotle Chilli 400g,£2.10
frozen-food,The Gym Kitchen Chicken Korma 550g,£3.30
frozen-food,Tesco High Protein Chilli Chicken 400g,£2.10
frozen-food,Tesco High Protein Tandoori Chicken Masala 400g,£2.10
frozen-food,Country Style Fresh Cream Doughnuts 265g,£1.50
frozen-food,The Wild Hare Fish Pie 350g,£5.50
frozen-food,Tesco High Protein Beef & Lentil Ragu 400g,£2.10
frozen-food,Tesco High Protein Beef & Broccoli Stroganoff 400g,£2.10
frozen-food,Tesco Chilli Beef Wedges 400g,£1.95
frozen-food,Isla Delice Halal Spicy Burger 800g,£8.50
frozen-food,Crosta Mollica Sourdough Pizza Base with Tomato Sauce 2 Pack 540g,£4.95
frozen-food,Isla Delice Halal Corn Dog 300g,£4.50
frozen-food,"Chicago Town Tiger Crust Pizza - Bacon, Ham & Pineapple 380g",£3.95
frozen-food,Tesco Paella 700g,£3.30
frozen-food,Isla Delice Halal Cordon Bleu 400g,£3.50
frozen-food,G/Fella's Stonebake Thin Italian Hot Pizza 353G,£3.00
frozen-food,Jahan Southern Fried Chicken Strips 500g,£3.10
frozen-food,Jus-Rol Pizza Dough with Sourdough 400g,£2.50
frozen-food,Tesco Creamy Cajun Chicken Pasta 400g,£1.95
frozen-food,Tesco Spicy Fajita Chicken with Rice 400g,£1.95
frozen-food,Tesco Chilli Beef Nacho Mac 'N' Cheese 400g,£1.95
frozen-food,Halal Eat Lamb Leg 2.0kg – 2.5kg,£31.25
frozen-food,Halal Eat Mutton Mix Cut 715g,£6.50
frozen-food,Halal Eat Mutton Mince (Keema) 710g,£5.30
frozen-food,DISCOVER-IN Chicken Gyros Meat 350g,£4.00
frozen-food,Tesco Breaded Southern Fried King Prawns 200g,£3.20
frozen-food,Aunt Bessie's Bacon Topped Boneless Chicken Joint 700g,£8.00
frozen-food,Tesco 2 Long Ferment Pizza Pockets,£1.75
frozen-food,Askeys Treat Chocolate Chunk Crackin 225G,£1.75
